Workbook
Name _QRC4: Table_6!#REF!
Name _QRC4: !#REF!
Name ccc: Table_6!$A$1:$Z$16
Name ccc: !#REF!
Name CONTACT: Table_6!#REF!
Name CONTACT: !#REF!
Name datar: !#REF!
Name LA_List: Table_6!#REF!
Name LA_List: !#REF!
Name LAlist: !#REF!
Name LAlist_1: !#REF!
Name lanames: !#REF!
Name lanames_1: !#REF!
Name Range: !#REF!
Name Table: !#REF!

Sheet Cover
A1: Collection amounts and rates of council tax and non-domestic rates: Local Authority level data for 2024-25 and 2025-26
A2: Published by the Ministry of Housing, Communities & Local Government (MHCLG) on 24 June 2026 and revised on 31 July 2026
A3: Purpose
A4: These tables provide local authority level data on the collection amounts and rates of council tax and non-domestic rates (also known as business rates) for 2024-25 and 2025-26. This includes all billing authorities in England. Data from this workbook have been used to compile the statistics release Collection rates and receipts of council tax and non-domestic rates in England, 2025-26 which was originally published on 24 June 2026. This is available on the Department’s website at:
A5: https://www.gov.uk/government/collections/council-tax-statistics#collection-rates-for-council-tax-and-non-domestic-rates
A6: Uses of the data
A7: The data are used to provide the MHCLG Secretary of State and Ministers, HM Treasury and the Office for National Statistics (ONS) with the most up to date information available on the amount of council tax collected by local authorities. The data are important sources for various evidence based policy and financial decisions and answering numerous parliamentary questions. In addition it is used by local authorities and their associations, other government departments, members of the business community and the general public.
A8: Data collection
A9: The information in this release is based on data returned to the Ministry of Housing, Communities & Local Government (MHCLG) by all 296 billing authorities in England on the Quarterly Rates Collection (QRC) forms. The data are as reported by local authorities and have been subjected to rigorous validation processes.
A10: Data quality
A11: These figures are as reported by the local authorities. Validations have been applied as part of the collection, and the data has undergone quality assurance checks on receipt.
A12: Revisions
... A22: Contact details: qrc.statistics@communities.gov.uk

Sheet Contents
A1: Contents
A2: This worksheet contains 1 table.
A3: Worksheet name | B3: Worksheet title
A4: Notes | B4: Notes found throughout the workbook
A5: Table 6 | B5: Table 6: Council tax and non-domestic rates - collection amounts and rates, England, 2024-25 and 2025-26
A6: Table 6a | B6: Table 6a: Council tax - collection amounts and rates, England, 2024-25 and 2025-26
A7: Table 6b | B7: Table 6b: Non-domestic rates - collection amounts and rates, England, 2024-25 and 2025-26

Sheet Notes
A1: Notes
A2: This worksheet contains 2 tables that refer to notes throughout each worksheet and definitions for terminology found throughout the workbook. Each table is presented horizontally and separated by a blank column.
A3: Note | B3: Explanation | D3: Term | E3: Definition
A4: [r] | B4: Figures for 2025-26 have been revised to include data for Kensington & Chelsea, who were unable to submit data in time for the original June publication. | D4: Financial year | E4: The financial year starts in April and ends in March
A5: [note a] | B5: Also known as the Net Collectable Debit. | D5: Eng | E5: England
A6: [x] | B6: This indicates that data is not available or has been suppressed. Refer to the notes column in each worksheet for further information. | D6: NW | E6: North West England
D7: NE | E7: North East England
D8: EM | E8: East Midlands
D9: E | E9: East of England
D10: SW | E10: South West England
D11: SE | E11: South East England
D12: YH | E12: Yorkshire and the Humber
D13: WM | E13: West Midlands
D14: L | E14: London
D15: LB | E15: London Borough
D16: ILB | E16: Inner London Borough
D17: OLB | E17: Outer London Borough
D18: MD | E18: Metropolitan District
... D20: SD | E20: Shire District

Sheet Table_6
A1: Table 6: Council tax and non-domestic rates - collection amounts and rates, England, 2024-25 and 2025-26 [r]
A2: This worksheet contains 2 tables. Table 1 shows the collection rates for council tax and non-domestic rates in 2024-25. Table 2 shows the collection rates in 2025-26. Both tables show the figures for the authority selected from the drop down option in cell A7, the relevant class for that authority and for England. Some cells refer to notes which can be found in notes worksheet.
A3: All data is rounded to the nearest thousand pounds (£000s), with the exception being the collection rate (Line 5) which is a percentage (%)
A4: Source: Ministry of Housing, Communities & Local Government, Collection rates for Council Tax and non domestic rates - QRC4 data
A5: Last Updated: 31 July 2026
A6: Select a local authority by navigating the drop-down list below in cell A7. For accessibility, use ALT and arrows and select ENTER on the authority you wish to view.
A7: Adur
A8: ONS Code
A9: =VLOOKUP($A$7,LA_List!$A:$C,3,FALSE) -> E07000223
A10: Class
A11: =INDEX(LA_List!$D$1:$D$303,MATCH($A$9,LA_List!$C$1:$C$303,0),1) -> Shire Districts
A12: Table 1 - Total receipts in the period 1 April 2024 to 31 March 2025
A13: Category Line | B13: Category Description | C13: Council Tax: Authority £ thousand | D13: Council Tax: Class £ thousand | E13: Council Tax: England £ thousand | F13: National Non Domestic Rates: Authority £ thousand | G13: National Non Domestic Rates: Class £ thousand | H13: National Non Domestic Rates: England £ thousand
A14: 1 | B14: Estimated net collectable debit in respect of 2024-25 [note a] | C14: =INDEX('Table_6a_-_council_tax'!$F$4:$F$306,MATCH($A$9,'Table_6a_-_council_tax'!$C$4:$C$306,0),1) -> 51048 | D14: =INDEX('Table_6a_-_council_tax'!$F$4:$F$10,MATCH($A$11,'Table_6a_-_council_tax'!$A$4:$A$10,0),1) -> 15962106 | E14: ='Table_6a_-_council_tax'!$F$4 -> 42014522 | F14: =INDEX('Table_6b-non_domestic_rates'!$F$4:$F$306,MATCH($A$9,'Table_6b-non_domestic_rates'!$C$4:$C$306,0),1) -> 20300 | G14: =INDEX('Table_6b-non_domestic_rates'!$F$4:$F$10,MATCH($A$11,'Table_6b-non_domestic_rates'!$A$4:$A$10,0),1) -> 7621562 | H14: ='Table_6b-non_domestic_rates'!$F$4 -> 27246270
A15: 4 | B15: Total 2024-25 receipts, net of refunds granted in respect of 2024-25 only = (Line 2 + Line 3) | C15: =INDEX('Table_6a_-_council_tax'!$G$4:$G$306,MATCH($A$9,'Table_6a_-_council_tax'!$C$4:$C$306,0),1) -> 49232 | D15: =INDEX('Table_6a_-_council_tax'!$G$4:$G$10,MATCH($A$11,'Table_6a_-_council_tax'!$A$4:$A$10,0),1) -> 15515496 | E15: ='Table_6a_-_council_tax'!$G$4 -> 40281988 | F15: =INDEX('Table_6b-non_domestic_rates'!$G$4:$G$306,MATCH($A$9,'Table_6b-non_domestic_rates'!$C$4:$C$306,0),1) -> 19963 | G15: =INDEX('Table_6b-non_domestic_rates'!$G$4:$G$10,MATCH($A$11,'Table_6b-non_domestic_rates'!$A$4:$A$10,0),1) -> 7462341 | H15: ='Table_6b-non_domestic_rates'!$G$4 -> 26514974
A16: 5 | B16: In-year collection rate for 2024-25 (%) = (Line 4/Line 1 x 100, to 2 decimal places) | C16: =INDEX('Table_6a_-_council_tax'!$H$4:$H$306,MATCH($A$9,'Table_6a_-_council_tax'!$C$4:$C$306,0),1)/100 -> 0.9644256 | D16: =INDEX('Table_6a_-_council_tax'!$H$4:$H$10,MATCH($A$11,'Table_6a_-_council_tax'!$A$4:$A$10,0),1)/100 -> 0.97202061 | E16: ='Table_6a_-_council_tax'!$H$4/100 -> 0.95876344 | F16: =INDEX('Table_6b-non_domestic_rates'!$H$4:$H$306,MATCH($A$9,'Table_6b-non_domestic_rates'!$C$4:$C$306,0),1)/100 -> 0.983399 | G16: =INDEX('Table_6b-non_domestic_rates'!$H$4:$H$10,MATCH($A$11,'Table_6b-non_domestic_rates'!$A$4:$A$10,0),1)/100 -> 0.97910913 | H16: ='Table_6b-non_domestic_rates'!$H$4/100 -> 0.97315977
A17: Table 2 - Total receipts in the period 1 April 2025 to 31 March 2026
A18: Category Line | B18: Category Description | C18: Council Tax: Authority £ thousand | D18: Council Tax: Class £ thousand | E18: Council Tax: England £ thousand | F18: National Non Domestic Rates: Authority £ thousand | G18: National Non Domestic Rates: Class £ thousand | H18: National Non Domestic Rates: England £ thousand
A19: 1 | B19: Estimated net collectable debit in respect of 2025-26 [note a] | C19: =INDEX('Table_6a_-_council_tax'!$I$4:$I$306,MATCH($A$9,'Table_6a_-_council_tax'!$C$4:$C$306,0),1) -> 54224 | D19: =INDEX('Table_6a_-_council_tax'!$I$4:$I$10,MATCH($A$11,'Table_6a_-_council_tax'!$A$4:$A$10,0),1) -> 17002958 | E19: ='Table_6a_-_council_tax'!$I$4 -> 44981384 | F19: =INDEX('Table_6b-non_domestic_rates'!$I$4:$I$306,MATCH($A$9,'Table_6b-non_domestic_rates'!$C$4:$C$306,0),1) -> 21840 | G19: =INDEX('Table_6b-non_domestic_rates'!$I$4:$I$10,MATCH($A$11,'Table_6b-non_domestic_rates'!$A$4:$A$10,0),1) -> 8178635 | H19: ='Table_6b-non_domestic_rates'!$I$4 -> 29019251
A20: 4 | B20: Total 2025-26 receipts, net of refunds granted in respect of 2025-26 only = (Line 2 + Line 3) | C20: =INDEX('Table_6a_-_council_tax'!$J$4:$J$306,MATCH($A$9,'Table_6a_-_council_tax'!$C$4:$C$306,0),1) -> 52046 | D20: =INDEX('Table_6a_-_council_tax'!$J$4:$J$10,MATCH($A$11,'Table_6a_-_council_tax'!$A$4:$A$10,0),1) -> 16496623 | E20: ='Table_6a_-_council_tax'!$J$4 -> 43002543 | F20: =INDEX('Table_6b-non_domestic_rates'!$J$4:$J$306,MATCH($A$9,'Table_6b-non_domestic_rates'!$C$4:$C$306,0),1) -> 21433 | G20: =INDEX('Table_6b-non_domestic_rates'!$J$4:$J$10,MATCH($A$11,'Table_6b-non_domestic_rates'!$A$4:$A$10,0),1) -> 7959782 | H20: ='Table_6b-non_domestic_rates'!$J$4 -> 28075373
A21: 5 | B21: In-year collection rate for 2025-26 (%) = (Line 4/Line 1 x 100, to 2 decimal places) | C21: =IFERROR(INDEX('Table_6a_-_council_tax'!$K$4:$K$306,MATCH($A$9,'Table_6a_-_council_tax'!$C$4:$C$306,0),1)/100,C20) -> 0.95983328 | D21: =INDEX('Table_6a_-_council_tax'!$K$4:$K$10,MATCH($A$11,'Table_6a_-_council_tax'!$A$4:$A$10,0),1)/100 -> 0.97022076 | E21: ='Table_6a_-_council_tax'!$K$4/100 -> 0.95600755 | F21: =IFERROR(INDEX('Table_6b-non_domestic_rates'!$K$4:$K$306,MATCH($A$9,'Table_6b-non_domestic_rates'!$C$4:$C$306,0),1)/100,F20) -> 0.98136446 | G21: =INDEX('Table_6b-non_domestic_rates'!$K$4:$K$10,MATCH($A$11,'Table_6b-non_domestic_rates'!$A$4:$A$10,0),1)/100 -> 0.97324088 | H21: ='Table_6b-non_domestic_rates'!$K$4/100 -> 0.96747407

Sheet Table_6a_-_council_tax
A1: Table 6a: Council tax - collection amounts and rates, England, 2024-25 and 2025-26
A2: This worksheet contains one table. A blank cell in the Notes column represents that there are no notes associated with the data in that row.
A3: Authority | B3: E-Code | C3: ONS Code | D3: Class | E3: Region | F3: Estimate of amount of council tax collectable in the year 2024-25 (£ thousand) | G3: Amount of council tax collected by 31 March 2025 relating to 2024-25 (£ thousand) | H3: Amount council tax collected by 31 March 2025 as a percentage of amount collectable 2024-25 (%) | I3: Estimate of amount of council tax collectable in the year 2025-26 (£ thousand) | J3: Amount council tax collected by 31 March 2026 relating to 2025-26 (£ thousand) | K3: Amount of council tax collected by 31 March 2026 as a percentage of amount collectable 2025-26 (%) | L3: Notes
A4: England | B4: E-ENG | C4: [z] | D4: Eng | E4: [z] | F4: 42014522 | G4: 40281988 | H4: 95.876344 | I4: 44981384 | J4: 43002543 | K4: 95.600755 | L4: [r]
A5: London Boroughs | B5: E-LB | C5: [z] | D5: LB | E5: [z] | F5: 6139837 | G5: 5820444 | H5: 94.798021 | I5: 6587079 | J5: 6213685 | K5: 94.331417 | L5: [r]
A6: of which: Inner London Boroughs | B6: E-ILB | C6: [z] | D6: ILB | E6: [z] | F6: 2052565 | G6: 1926173 | H6: 93.84224 | I6: 2221320 | J6: 2066385 | K6: 93.025093 | L6: [r]
A7: of which: Outer London Boroughs | B7: E-OLB | C7: [z] | D7: OLB | E7: [z] | F7: 4087272 | G7: 3894271 | H7: 95.277999 | I7: 4365759 | J7: 4147300 | K7: 94.996082
A8: Metropolitan Districts | B8: E-MD | C8: [z] | D8: MD | E8: [z] | F8: 7355746 | G8: 6885514 | H8: 93.607282 | I8: 7888750 | J8: 7362674 | K8: 93.331313
A9: Unitary Authorities | B9: E-UA | C9: [z] | D9: UA | E9: [z] | F9: 12556833 | G9: 12060534 | H9: 96.047577 | I9: 13502597 | J9: 12929561 | K9: 95.756105
A10: Shire Districts | B10: E-SD | C10: [z] | D10: SD | E10: [z] | F10: 15962106 | G10: 15515496 | H10: 97.202061 | I10: 17002958 | J10: 16496623 | K10: 97.022076
A11: Adur | B11: E3831 | C11: E07000223 | D11: SD | E11: SE | F11: 51048 | G11: 49232 | H11: 96.44256 | I11: 54224 | J11: 52046 | K11: 95.983328
A12: Amber Valley | B12: E1031 | C12: E07000032 | D12: SD | E12: EM | F12: 92500 | G12: 91206 | H12: 98.60108 | I12: 98231 | J12: 96719 | K12: 98.460771
A13: Arun | B13: E3832 | C13: E07000224 | D13: SD | E13: SE | F13: 148627 | G13: 143947 | H13: 96.85118 | I13: 161375 | J13: 155530 | K13: 96.378001
A14: Ashfield | B14: E3031 | C14: E07000170 | D14: SD | E14: EM | F14: 84349 | G14: 81146 | H14: 96.20268 | I14: 89122 | J14: 85628 | K14: 96.079531
A15: Ashford | B15: E2231 | C15: E07000105 | D15: SD | E15: SE | F15: 110874 | G15: 107451 | H15: 96.91271 | I15: 117979 | J15: 113993 | K15: 96.621432
A16: Babergh | B16: E3531 | C16: E07000200 | D16: SD | E16: E | F16: 77364 | G16: 76678 | H16: 99.11328 | I16: 82318 | J16: 80889 | K16: 98.264049
A17: Barking & Dagenham | B17: E5030 | C17: E09000002 | D17: OLB | E17: L | F17: 112450 | G17: 104247 | H17: 92.7052 | I17: 123194 | J17: 113776 | K17: 92.355147
A18: Barnet | B18: E5031 | C18: E09000003 | D18: OLB | E18: L | F18: 301759 | G18: 283698 | H18: 94.01476 | I18: 326962 | J18: 303530 | K18: 92.833417
... A138: Islington | B138: E5015 | C138: E09000019 | D138: ILB | E138: L | F138: 162057 | G138: 151860 | H138: 93.70777 | I138: 171844 | J138: 159559 | K138: 92.851074
A139: Kensington & Chelsea | B139: E5016 | C139: E09000020 | D139: ILB | E139: L | F139: 153592 | G139: 148125 | H139: 96.44057 | I139: 162752 | J139: 148366 | K139: 91.160784 | L139: [r]
A140: Kings Lynn & West Norfolk | B140: E2634 | C140: E07000146 | D140: SD | E140: E | F140: 120050 | G140: 116542 | H140: 97.07788 | I140: 133354 | J140: 129458 | K140: 97.078452
A141: Kingston upon Hull | B141: E2002 | C141: E06000010 | D141: UA | E141: YH | F141: 140685 | G141: 129942 | H141: 92.36379 | I141: 149647 | J141: 137412 | K141: 91.824092
A142: Kingston upon Thames | B142: E5043 | C142: E09000021 | D142: OLB | E142: L | F142: 158115 | G142: 154779 | H142: 97.89014 | I142: 167369 | J142: 164133 | K142: 98.066547
A143: Kirklees | B143: E4703 | C143: E08000034 | D143: MD | E143: YH | F143: 285344 | G143: 268518 | H143: 94.10326 | I143: 304380 | J143: 286655 | K143: 94.176687
A144: Knowsley | B144: E4301 | C144: E08000011 | D144: MD | E144: NW | F144: 91310 | G144: 80975 | H144: 88.68141 | I144: 97178 | J144: 88472 | K144: 91.041182
A145: Lambeth | B145: E5017 | C145: E09000022 | D145: ILB | E145: L | F145: 217742 | G145: 203197 | H145: 93.32008 | I145: 232483 | J145: 214894 | K145: 92.434285
A146: Lancaster | B146: E2337 | C146: E07000121 | D146: SD | E146: NW | F146: 99896 | G146: 94060 | H146: 94.15792 | I146: 106446 | J146: 99987 | K146: 93.932134
A147: Leeds | B147: E4704 | C147: E08000035 | D147: MD | E147: YH | F147: 501964 | G147: 472148 | H147: 94.06013 | I147: 537775 | J147: 504215 | K147: 93.759471
A148: Leicester | B148: E2401 | C148: E06000016 | D148: UA | E148: EM | F148: 185390 | G148: 173103 | H148: 93.37235 | I148: 203591 | J148: 188652 | K148: 92.662249
A149: Lewes | B149: E1435 | C149: E07000063 | D149: SD | E149: SE | F149: 98188 | G149: 96077 | H149: 97.85004 | I149: 103838 | J149: 101616 | K149: 97.860128
A150: Lewisham | B150: E5018 | C150: E09000023 | D150: ILB | E150: L | F150: 195252 | G150: 179210 | H150: 91.78395 | I150: 206865 | J150: 189688 | K150: 91.696517
A151: Lichfield | B151: E3433 | C151: E07000194 | D151: SD | E151: WM | F151: 89196 | G151: 87673 | H151: 98.29252 | I151: 95364 | J151: 93554 | K151: 98.102009
... A306: York | B306: E2701 | C306: E06000014 | D306: UA | E306: YH | F306: 143098 | G306: 139654 | H306: 97.59326 | I306: 153525 | J306: 149718 | K306: 97.520273

Sheet Table_6b-non_domestic_rates
A1: Table 6b: Non-domestic rates - collection amounts and rates, England, 2024-25 and 2025-26
A2: This worksheet contains one table. A blank cell in the Notes column represents that there are no notes associated with the data in that row.
A3: Authority | B3: E-Code | C3: ONS Code | D3: Class | E3: Region | F3: Estimate of non-domestic rates amount collectable in the year 2024-25 (£ thousand) | G3: Amount of non-domestic rates collected by 31 March 2025 relating to 2024-25 (£ thousand) | H3: Amount of non-domestic rates collected by 31 March 2025 as a percentage of amount collectable 2024-25 (%) | I3: Estimate of non-domestic rates amount collectable in the year 2025-26 (£ thousand) | J3: Amount of non-domestic rates collected by 31 March 2026 relating to 2025-26 (£ thousand) | K3: Amount of non-domestic rates collected by 31 March 2026 as a percentage of amount collectable 2025-26 (%) | L3: Notes
A4: England | B4: E-ENG | C4: [z] | D4: Eng | E4: [z] | F4: 27246270 | G4: 26514974 | H4: 97.315977 | I4: 29019251 | J4: 28075373 | K4: 96.747407 | L4: [r]
A5: London Boroughs | B5: E-LB | C5: [z] | D5: LB | E5: [z] | F5: 8643072 | G5: 8396162 | H5: 97.143261 | I5: 9145963 | J5: 8828061 | K5: 96.524127 | L5: [r]
A6: of which: Inner London Boroughs | B6: E-ILB | C6: [z] | D6: ILB | E6: [z] | F6: 6282473 | G6: 6117774 | H6: 97.378437 | I6: 6596812 | J6: 6376409 | K6: 96.658946 | L6: [r]
A7: of which: Outer London Boroughs | B7: E-OLB | C7: [z] | D7: OLB | E7: [z] | F7: 2360599 | G7: 2278388 | H7: 96.517366 | I7: 2549151 | J7: 2451652 | K7: 96.175236
A8: Metropolitan Districts | B8: E-MD | C8: [z] | D8: MD | E8: [z] | F8: 4399413 | G8: 4243004 | H8: 96.444775 | I8: 4661956 | J8: 4478081 | K8: 96.05584
A9: Unitary Authorities | B9: E-UA | C9: [z] | D9: UA | E9: [z] | F9: 6582223 | G9: 6413467 | H9: 97.436185 | I9: 7032697 | J9: 6809449 | K9: 96.82557
A10: Shire Districts | B10: E-SD | C10: [z] | D10: SD | E10: [z] | F10: 7621562 | G10: 7462341 | H10: 97.910913 | I10: 8178635 | J10: 7959782 | K10: 97.324088
A11: Adur | B11: E3831 | C11: E07000223 | D11: SD | E11: SE | F11: 20300 | G11: 19963 | H11: 98.3399 | I11: 21840 | J11: 21433 | K11: 98.136446
A12: Amber Valley | B12: E1031 | C12: E07000032 | D12: SD | E12: EM | F12: 34448 | G12: 34039 | H12: 98.8127 | I12: 36204 | J12: 35417 | K12: 97.826207
A13: Arun | B13: E3832 | C13: E07000224 | D13: SD | E13: SE | F13: 39369 | G13: 38056 | H13: 96.66489 | I13: 42060 | J13: 40356 | K13: 95.948644
A14: Ashfield | B14: E3031 | C14: E07000170 | D14: SD | E14: EM | F14: 48515 | G14: 47754 | H14: 98.43141 | I14: 50573 | J14: 49621 | K14: 98.117572
A15: Ashford | B15: E2231 | C15: E07000105 | D15: SD | E15: SE | F15: 55096 | G15: 53665 | H15: 97.40272 | I15: 59389 | J15: 57482 | K15: 96.788967
A16: Babergh | B16: E3531 | C16: E07000200 | D16: SD | E16: E | F16: 25884 | G16: 25573 | H16: 98.79849 | I16: 28785 | J16: 28473 | K16: 98.916102
A17: Barking & Dagenham | B17: E5030 | C17: E09000002 | D17: OLB | E17: L | F17: 73884 | G17: 71588 | H17: 96.89243 | I17: 83747 | J17: 80791 | K17: 96.470321
A18: Barnet | B18: E5031 | C18: E09000003 | D18: OLB | E18: L | F18: 103149 | G18: 97167 | H18: 94.20062 | I18: 115300 | J18: 108059 | K18: 93.719861
... A138: Islington | B138: E5015 | C138: E09000019 | D138: ILB | E138: L | F138: 297963 | G138: 285886 | H138: 95.94681 | I138: 313071 | J138: 300736 | K138: 96.059999
A139: Kensington & Chelsea | B139: E5016 | C139: E09000020 | D139: ILB | E139: L | F139: 264060 | G139: 255801 | H139: 96.8723 | I139: 292828 | J139: 277225 | K139: 94.671616 | L139: [r]
A140: Kings Lynn & West Norfolk | B140: E2634 | C140: E07000146 | D140: SD | E140: E | F140: 49610 | G140: 48926 | H140: 98.62125 | I140: 55101 | J140: 53939 | K140: 97.891145
A141: Kingston upon Hull | B141: E2002 | C141: E06000010 | D141: UA | E141: YH | F141: 89480 | G141: 86450 | H141: 96.61377 | I141: 95747 | J141: 90970 | K141: 95.010809
A142: Kingston upon Thames | B142: E5043 | C142: E09000021 | D142: OLB | E142: L | F142: 78194 | G142: 76638 | H142: 98.01008 | I142: 86202 | J142: 83880 | K142: 97.306326
A143: Kirklees | B143: E4703 | C143: E08000034 | D143: MD | E143: YH | F143: 103532 | G143: 99566 | H143: 96.1693 | I143: 110947 | J143: 105819 | K143: 95.377973
A144: Knowsley | B144: E4301 | C144: E08000011 | D144: MD | E144: NW | F144: 57299 | G144: 56446 | H144: 98.51132 | I144: 59029 | J144: 57185 | K144: 96.876111
A145: Lambeth | B145: E5017 | C145: E09000022 | D145: ILB | E145: L | F145: 174743 | G145: 169942 | H145: 97.25254 | I145: 188930 | J145: 181747 | K145: 96.198062
A146: Lancaster | B146: E2337 | C146: E07000121 | D146: SD | E146: NW | F146: 70499 | G146: 69717 | H146: 98.89076 | I146: 74131 | J146: 72991 | K146: 98.462181
A147: Leeds | B147: E4704 | C147: E08000035 | D147: MD | E147: YH | F147: 384156 | G147: 372174 | H147: 96.88095 | I147: 402734 | J147: 389409 | K147: 96.691364
A148: Leicester | B148: E2401 | C148: E06000016 | D148: UA | E148: EM | F148: 108496 | G148: 103461 | H148: 95.35928 | I148: 115220 | J148: 109901 | K148: 95.383613
A149: Lewes | B149: E1435 | C149: E07000063 | D149: SD | E149: SE | F149: 27541 | G149: 27078 | H149: 98.31887 | I149: 29335 | J149: 28877 | K149: 98.438725
A150: Lewisham | B150: E5018 | C150: E09000023 | D150: ILB | E150: L | F150: 58846 | G150: 57043 | H150: 96.93607 | I150: 65017 | J150: 62673 | K150: 96.394789
A151: Lichfield | B151: E3433 | C151: E07000194 | D151: SD | E151: WM | F151: 40633 | G151: 40110 | H151: 98.71287 | I151: 44463 | J151: 43726 | K151: 98.342442
... A306: York | B306: E2701 | C306: E06000014 | D306: UA | E306: YH | F306: 89910 | G306: 88341 | H306: 98.25492 | I306: 96636 | J306: 95127 | K306: 98.43847

Sheet LA_List
A1: Adur | B1: E3831 | C1: E07000223 | D1: Shire Districts | E1: SE | F1: South East
A2: Amber Valley | B2: E1031 | C2: E07000032 | D2: Shire Districts | E2: EM | F2: East Midlands
A3: Arun | B3: E3832 | C3: E07000224 | D3: Shire Districts | E3: SE | F3: South East
A4: Ashfield | B4: E3031 | C4: E07000170 | D4: Shire Districts | E4: EM | F4: East Midlands
A5: Ashford | B5: E2231 | C5: E07000105 | D5: Shire Districts | E5: SE | F5: South East
A6: Babergh | B6: E3531 | C6: E07000200 | D6: Shire Districts | E6: E | F6: East
A7: Barking and Dagenham | B7: E5030 | C7: E09000002 | D7: of which: Outer London Boroughs | E7: L | F7: London
A8: Barnet | B8: E5031 | C8: E09000003 | D8: of which: Outer London Boroughs | E8: L | F8: London
A9: Barnsley | B9: E4401 | C9: E08000016 | D9: Metropolitan Districts | E9: YH | F9: Yorkshire & the Humber
A10: Basildon | B10: E1531 | C10: E07000066 | D10: Shire Districts | E10: E | F10: East
A11: Basingstoke & Deane | B11: E1731 | C11: E07000084 | D11: Shire Districts | E11: SE | F11: South East
A12: Bassetlaw | B12: E3032 | C12: E07000171 | D12: Shire Districts | E12: EM | F12: East Midlands
... A296: York | B296: E2701 | C296: E06000014 | D296: Unitary Authorities | E296: YH | F296: Yorkshire & the Humber
A297: England | B297: England | C297: TE | D297: Eng | E297: -
A298: London | B298: London | C298: LB | D298: LB | E298: -
A299: of which: Inner London Boroughs | B299: Inner London | C299: ILB | D299: Inner London | E299: -
A300: of which: Outer London Boroughs | B300: Outer London | C300: OLB | D300: Outer London | E300: -
A301: Metropolitan Districts | B301: Metropolitan | C301: MD | D301: Metropolitan | E301: -
A302: Unitary Authorities | B302: Unitary Authorities | C302: UA | D302: Unitary Authorities | E302: -
A303: Shire Districts | B303: Shire Districts | C303: SD | D303: Shire Districts | E303: -
